"key","where_it_appears","placeholders","english","current_ha","corrected"
"ai_disclosure","General replies","{org}","I'm an AI assistant for {org} — but I can help with most things right away, and I'll bring in a human colleague the moment you'd prefer one. What can I do for you?","Ni mataimaki ne na AI na {org} — amma zan iya taimaka maka nan take a abubuwa da yawa, kuma duk lokacin da kake son mutum, zan kawo abokin aiki. Me zan yi maka?",""
"escalation_connecting","General replies","","Connecting you to a live human agent right away. Please hold on a moment...","Ina hada ka da mutum yanzu. Don Allah ka dan jira...",""
"payment_details","General replies","{account} {bank} {number}","Payment goes to {account}, {bank}, account number {number}.","Za a biya zuwa {account}, {bank}, lambar asusu {number}.",""
"payment_details_ussd_suffix","General replies","{ussd}"," You can also dial {ussd}."," Kuma za ka iya buga {ussd}.",""
"payment_unconfigured","General replies","{org}","I don't have our payment details on hand to share with you, and I don't want to give you the wrong account. Let me pass you to a colleague at {org} who can help.","Ba ni da cikakken bayanin biyan kudi a yanzu, kuma ba na son ba ka asusun da ba daidai ba. Bari in hada ka da ma’aikacin {org} da zai taimaka.",""
"booking_confirmed","General replies","{ref} {service} {when}","I've put you down for *{service}* on *{when}* (West Africa Time).\n\nReference: #{ref}\n\nIf that time doesn't work, just say *""reschedule""* and I'll move it.","Na yi maka rajistar *{service}* ranar *{when}* (lokacin Najeriya).\n\nLambar tunani: #{ref}\n\nIdan lokacin bai dace ba, ka ce *""reschedule""* zan canza shi.",""
"booking_cancelled","General replies","{ref} {service}","✅ Your booking for *{service}* has been successfully cancelled.\n\nReference: #{ref}\n\nIf you paid and would like a refund, please say *""I need a refund""* and I'll raise a request for you.","✅ An soke rajistarka ta *{service}*.\n\nLambar tunani: #{ref}\n\nIdan ka biya kuma kana son a mayar da kudi, ka ce *""I need a refund""* zan shirya maka.",""
"no_upcoming_booking","General replies","","I can't find an upcoming appointment under this number.","Ban sami wani alkawari mai zuwa a wannan lambar ba.",""
"tool_failure","General replies","","I ran into a technical problem completing that automatically. Let me connect you with a team member who can help right away.","An sami matsala yayin da nake yin haka kai tsaye. Bari in hada ka da ma’aikaci da zai taimaka nan take.",""
"capabilities","General replies","{org}","Here's what I can do for you at {org}:\n\n• Book, check, move or cancel an appointment\n• Share our payment details when you want to pay\n• File a complaint or report a problem\n• Raise a refund request\n• Answer questions about our services\n\nAnd any time you'd rather talk to a person, just say *""speak to an agent""*.","Ga abin da zan iya yi maka a {org}:\n\n• Yin alkawari, duba shi, canza shi ko soke shi\n• Ba ka bayanin yadda za ka biya\n• Daukar korafi ko rahoton matsala\n• Neman mayar da kudi\n• Amsa tambayoyi game da ayyukanmu\n\nDuk lokacin da kake son mutum, ka ce *""speak to an agent""*.",""
"language_menu","General replies","","Which language would you like me to use? Reply with a number:\n\n1 — English\n2 — Nigerian Pidgin\n3 — Hausa\n4 — Igbo\n5 — Yorùbá","Wane harshe kake so in yi amfani da shi? Ka amsa da lamba:\n\n1 — English\n2 — Nigerian Pidgin\n3 — Hausa\n4 — Igbo\n5 — Yorùbá",""
"language_set","General replies","","Done — I'll reply in English from now on. Say *""change language""* any time you want to switch.","An gama — zan yi maka magana da Hausa daga yanzu. Ka ce *""change language""* duk lokacin da kake son canzawa.",""
"language_voice_unavailable","General replies","{language} {language}","I understand you, but I cannot speak {language} on a call — only English. I can bring in a colleague who speaks {language}, or we can continue on WhatsApp where I can write to you in it. Which would you prefer?","I understand you, but I cannot speak {language} on a call — only English. I can bring in a colleague who speaks {language}, or we can continue on WhatsApp where I can write to you in it. Which would you prefer?",""
"flow_abandoned","Any form","","No problem — I've stopped that. Tell me any time you'd like to start again.","Babu matsala — na daina. Ka gaya mini duk lokacin da kake son sake farawa.",""
"flow_what_to_change","Any form","","No problem. Which part should I change?","Babu matsala. Wanne bangare zan canza?",""
"enrol_name_ask","PLASCHEMA enrollment form","","Let's get you registered. What is your full name, as it should appear on your health card?","Mu yi maka rijista. Menene cikakken sunanka, kamar yadda zai bayyana a katin lafiyarka?",""
"enrol_name_two_words","PLASCHEMA enrollment form","","Could you give me your full name — first name and surname?","Ka ba ni cikakken sunanka — sunan farko da sunan mahaifi.",""
"enrol_name_digits","PLASCHEMA enrollment form","","That looks like it has numbers in it. What is your full name?","Wannan yana da lambobi a ciki. Menene cikakken sunanka?",""
"enrol_age_ask","PLASCHEMA enrollment form","{name}","Thank you, {name}. How old are you, or what is your date of birth?","Na gode, {name}. Shekarunka nawa ne, ko kuma ranar haihuwarka?",""
"enrol_age_implausible","PLASCHEMA enrollment form","","That age does not look right. How old are you, in years?","Wannan shekarun ba su yi daidai ba. Shekarunka nawa ne?",""
"enrol_age_unclear","PLASCHEMA enrollment form","","Could you tell me your age in years, or your date of birth?","Ka gaya mini shekarunka, ko ranar haihuwarka.",""
"enrol_address_ask","PLASCHEMA enrollment form","","What is your street address, or the area where you live?","Menene adireshinka, ko yankin da kake zama?",""
"enrol_address_short","PLASCHEMA enrollment form","","Could you give me a bit more — the street or the area you live in?","Ka kara bayani kadan — titi ko yankin da kake zama.",""
"enrol_lga_ask","PLASCHEMA enrollment form","","Which Local Government Area do you live in? For example: Jos North, Jos South, Barkin Ladi, Mangu, Shendam.","A wace Karamar Hukuma kake zama? Misali: Jos North, Jos South, Barkin Ladi, Mangu, Shendam.",""
"enrol_lga_unknown","PLASCHEMA enrollment form","{list}","I could not match that to a Plateau State LGA. Could you tell me which one you live in? The full list is: {list}.","Ban gane wannan a matsayin Karamar Hukuma ta Jihar Filato ba.\nKa zabi daga cikin: {list}.",""
"enrol_plan_ask","PLASCHEMA enrollment form","","Which describes you best?\n\n1 — Formal Sector (you work for a company or government)\n2 — Informal Sector (self-employed, trader, farmer, artisan)\n3 — Equity Programme (free: pregnant, child under 5, over 65, living with a disability)\n4 — BHCPF (free, for the most vulnerable)\n\nReply with the number or the name.","Wanne ya fi dacewa da kai?\n\n1 — Formal Sector (kana aiki da kamfani ko gwamnati)\n2 — Informal Sector (kai da kanka, dan kasuwa, manomi, masani)\n3 — Equity Programme (kyauta: mai ciki, yaro kasa da shekara 5, sama da 65, mai nakasa)\n4 — BHCPF (kyauta, ga wadanda suka fi bukata)\n\nKa amsa da lamba ko suna.",""
"enrol_plan_unclear","PLASCHEMA enrollment form","","I did not catch which plan that is. Reply 1 for Formal Sector, 2 for Informal Sector, 3 for the free Equity Programme, or 4 for BHCPF.","Ban gane wanne shiri ba ne. Ka amsa 1 don Formal Sector, 2 don Informal Sector, 3 don Equity Programme na kyauta, ko 4 don BHCPF.",""
"enrol_facility_ask","PLASCHEMA enrollment form","{lga} {options}","Which hospital or health centre in {lga} would you like as your primary facility?\n\nAccredited options: {options}.","Wanne asibiti ko cibiyar lafiya a {lga} kake son ya zama babbar cibiyarka?\n\nWadanda aka amince da su: {options}.",""
"enrol_facility_unaccredited","PLASCHEMA enrollment form","{lga} {options}","That one is not on the accredited list for {lga}, and a card issued against it would be refused at the desk. Please choose one of: {options}.","Wannan ba ya cikin jerin da aka amince da su a {lga}, kuma za a ki karbar katin a teburin. Ka zabi daya daga cikin: {options}.",""
"enrol_nin_ask","PLASCHEMA enrollment form","","Last one, and it is optional: do you have your National Identification Number (NIN)? It speeds things up, but we can register you without it — just say ""no"".","Na karshe, kuma ba dole ba ne: kana da lambar NIN? Tana saurin aiki, amma za mu iya yi maka rijista ba tare da ita ba — ka ce ""a'a"".",""
"enrol_nin_length","PLASCHEMA enrollment form","","A NIN is 11 digits. Could you check and send it again, or say ""no"" to continue without it?","NIN lambobi 11 ne. Ka duba ka sake aikawa, ko ka ce ""a'a"" mu ci gaba ba tare da ita ba.",""
"enrol_nin_none","PLASCHEMA enrollment form","","not provided","ba a bayar ba",""
"enrol_friend","PLASCHEMA enrollment form","","there","abokina",""
"enrol_summary","PLASCHEMA enrollment form","{address} {age} {facility} {free} {lga} {name} {nin} {plan}","Here is what I have — please check it carefully before I register you:\n\n• Name: {name}\n• Age / DOB: {age}\n• Address: {address}\n• LGA: {lga}\n• Plan: {plan}{free}\n• Primary facility: {facility}\n• NIN: {nin}\n\nIs all of that correct? Reply *yes* to register, or tell me what to change.","Ga abin da na samu — ka duba shi da kyau kafin in yi maka rijista:\n\n• Suna: {name}\n• Shekaru / Ranar haihuwa: {age}\n• Adireshi: {address}\n• Karamar Hukuma: {lga}\n• Shiri: {plan}{free}\n• Babbar cibiya: {facility}\n• NIN: {nin}\n\nDuk daidai ne? Ka amsa *yes* in yi rijista, ko ka gaya mini abin da zan canza.",""
"enrol_summary_free","PLASCHEMA enrollment form",""," (free — no payment)"," (kyauta — babu biyan kudi)",""
"which_one_ask","Choosing which appointment","{list} {verb}","You have more than one coming up. Which would you like to {verb}?\n\n{list}\n\nReply with the number.","Kana da fiye da daya mai zuwa. Wanne kake son {verb}?\n\n{list}\n\nKa amsa da lamba.",""
"which_one_unclear","Choosing which appointment","{list}","I did not catch which one. Please reply with the number:\n\n{list}","Ban gane wanne ba. Ka amsa da lamba:\n\n{list}",""
"verb_move","Choosing which appointment · Moving an appointment","","move","canza",""
"verb_cancel","Cancelling an appointment · Choosing which appointment","","cancel","soke",""
"when_ask","Moving an appointment","{heading} {list}","{heading}Here is what is free:\n\n{list}\n\nReply with the number that suits you. If none of these work, say *""speak to an agent""* and a colleague will find something else.","{heading}Ga lokutan da suke a bude:\n\n{list}\n\nKa amsa da lambar da ta dace da kai. Idan babu wanda ya dace, ka ce *""speak to an agent""* abokin aiki zai nemo wani.",""
"when_only_these","Moving an appointment","{list}","I can only move it to one of these, so that I do not put you down for a time that is already taken:\n\n{list}\n\nReply with the number, or say *""speak to an agent""* for anything else.","Zan iya canza shi zuwa daya daga cikin wadannan kawai, don kada in sa ka a lokacin da aka riga aka dauka:\n\n{list}\n\nKa amsa da lamba, ko ka ce *""speak to an agent""*.",""
"book_ask","Booking an appointment","{list} {service}","Happy to book you in for a {service}. Here is what is free:\n\n{list}\n\nReply with the number that suits you. If none of these work, say *""speak to an agent""* and a colleague will find something else.","Zan iya yi maka rijistar {service}. Ga lokutan da suke a bude:\n\n{list}\n\nKa amsa da lambar da ta dace da kai. Idan babu wanda ya dace, ka ce *""speak to an agent""*.",""
"book_only_these","Booking an appointment · Reserving a table","{list}","I can only book one of these, so that I do not put you down for a time that is already taken:\n\n{list}\n\nReply with the number, or say *""speak to an agent""* for anything else.","Zan iya yin rijista a daya daga cikin wadannan kawai, don kada in sa ka a lokacin da aka riga aka dauka:\n\n{list}\n\nKa amsa da lamba, ko ka ce *""speak to an agent""*.",""
"table_when_ask","Reserving a table","{heading} {list}","{heading}Here is what is free:\n\n{list}\n\nReply with the number that suits you. If none of these work, say *""speak to an agent""* and a colleague will find something else.","{heading}Ga lokutan da suke a bude:\n\n{list}\n\nKa amsa da lambar da ta dace da kai. Idan babu wanda ya dace, ka ce *""speak to an agent""*.",""
"table_for","Reserving a table","{guests}","A table for {guests}. ","Tebur na mutane {guests}. ",""
"party_ask","Reserving a table","","How many people will the table be for?","Mutane nawa za su zauna a teburin?",""
"party_too_many","Reserving a table","{max}","That is more than we can seat on one booking. For a party over {max}, say *""speak to an agent""* and a colleague will arrange it.","Wannan ya fi yawan da za mu iya zama a rijista daya. Idan kun fi {max}, ka ce *""speak to an agent""* abokin aiki zai shirya.",""
"party_too_few","Reserving a table","","A table needs at least one person. How many will be coming?","Tebur yana bukatar akalla mutum daya. Mutane nawa za su zo?",""
"party_unclear","Reserving a table","","How many people should I book the table for? A number is fine.","Mutane nawa zan yi rijistar tebur? Lamba ta isa.",""
"reschedule_summary","Moving an appointment","{from} {label} {to}","Just to confirm before I change anything:\n\n• {label}\n• From: {from}\n• To: {to}\n\nReply *yes* to move it, or tell me what to change.","Bari in tabbatar kafin in canza komai:\n\n• {label}\n• Daga: {from}\n• Zuwa: {to}\n\nKa amsa *yes* in canza shi, ko ka gaya mini abin da zan canza.",""
"cancel_summary","Cancelling an appointment","{label} {when}","Just to be sure, because this cannot be undone:\n\n• {label}\n• {when}\n\nReply *yes* to cancel it, or *no* to leave it as it is.","Bari in tabbata, saboda ba za a iya mayar da shi ba:\n\n• {label}\n• {when}\n\nKa amsa *yes* in soke shi, ko *no* ya kasance kamar yadda yake.",""
"lost_track","Cancelling an appointment · Moving an appointment","","Sorry — I lost track of which one we were dealing with. Could you tell me again?","Yi hakuri — na rasa wanne muke magana a kai. Ka sake gaya mini.",""
